signal_asset,trading_asset,start,end,bars,sma_length,entry_days,exit_days,total_return,cagr,sharpe,max_drawdown,calmar,trade_count,time_in_market,final_equity
SPY,SPXL,2016-01-04 05:00:00+00:00,2026-08-25 04:00:00+00:00,2676,200,1,1,7.403237629948137,0.2215528513800138,0.9076952694068329,-0.512057532852429,0.4326717940186295,26,0.7742899850523169,840323.7629948137
SPY,SPXL,2016-01-04 05:00:00+00:00,2026-08-25 04:00:00+00:00,2676,200,1,2,7.150636427696904,0.21805269061112864,0.8876753957437992,-0.5559513366952054,0.3922154264567832,21,0.7836322869955157,815063.6427696904
SPY,SPXL,2016-01-04 05:00:00+00:00,2026-08-25 04:00:00+00:00,2676,200,1,3,6.54711394478141,0.20927468578474784,0.8514774049621902,-0.5555079560469489,0.37672671202401453,16,0.7911061285500748,754711.394478141
SPY,SPXL,2016-01-04 05:00:00+00:00,2026-08-25 04:00:00+00:00,2676,200,1,5,4.736840520159464,0.17849286633154215,0.7553324269620438,-0.6230672100796519,0.2864744981664561,14,0.8015695067264574,573684.0520159464
SPY,SPXL,2016-01-04 05:00:00+00:00,2026-08-25 04:00:00+00:00,2676,200,2,1,7.838683694463459,0.22736871657018343,0.9319834079348135,-0.4900318485194666,0.46398763112465574,19,0.7645739910313901,883868.369446346
SPY,SPXL,2016-01-04 05:00:00+00:00,2026-08-25 04:00:00+00:00,2676,200,2,2,10.053702814700724,0.25344663179437443,1.0060474140206197,-0.5013556767400298,0.5055226130924917,18,0.773168908819133,1105370.2814700725
SPY,SPXL,2016-01-04 05:00:00+00:00,2026-08-25 04:00:00+00:00,2676,200,2,3,7.250703652030101,0.21945086814922998,0.8818268596855688,-0.5015405508064378,0.4375535892289671,14,0.7836322869955157,825070.36520301
SPY,SPXL,2016-01-04 05:00:00+00:00,2026-08-25 04:00:00+00:00,2676,200,2,5,5.860497557020765,0.19847876755743732,0.8106950401424194,-0.632317094494875,0.3138911936518047,12,0.7933482810164425,686049.7557020765
SPY,SPXL,2016-01-04 05:00:00+00:00,2026-08-25 04:00:00+00:00,2676,200,3,1,9.332780958549058,0.24552394888408213,0.9895300603545962,-0.5214522897275259,0.4708464297133983,16,0.757473841554559,1033278.0958549058
SPY,SPXL,2016-01-04 05:00:00+00:00,2026-08-25 04:00:00+00:00,2676,200,3,2,11.719838061513236,0.2701012000402161,1.0583793962948225,-0.49450407743321123,0.5462062141978931,15,0.7653213751868461,1271983.8061513237
SPY,SPXL,2016-01-04 05:00:00+00:00,2026-08-25 04:00:00+00:00,2676,200,3,3,9.802769709116582,0.2507435243416498,0.9712946979289014,-0.5038458411758864,0.49765921210435937,12,0.7769058295964125,1080276.9709116581
SPY,SPXL,2016-01-04 05:00:00+00:00,2026-08-25 04:00:00+00:00,2676,200,3,5,7.860683044332202,0.22765560123891304,0.8914493075322725,-0.6241506333064937,0.3647446451073632,10,0.7858744394618834,886068.3044332202
SPY,SPXL,2016-01-04 05:00:00+00:00,2026-08-25 04:00:00+00:00,2676,200,5,1,9.855795196072052,0.25131943256961753,1.0126754996882046,-0.4641052898317818,0.5415138290294214,11,0.7462630792227205,1085579.5196072052
SPY,SPXL,2016-01-04 05:00:00+00:00,2026-08-25 04:00:00+00:00,2676,200,5,2,11.505501696264613,0.2680735643827621,1.059729151612504,-0.4212008051226117,0.6364507406502363,11,0.7533632286995515,1250550.1696264613
SPY,SPXL,2016-01-04 05:00:00+00:00,2026-08-25 04:00:00+00:00,2676,200,5,3,9.839095281541038,0.2511383307436672,0.9778316488159383,-0.5007558059639964,0.5015185600498533,9,0.7642002989536621,1083909.5281541038
SPY,SPXL,2016-01-04 05:00:00+00:00,2026-08-25 04:00:00+00:00,2676,200,5,5,6.709174135615153,0.21169254923255054,0.8527679812228193,-0.6388713215325009,0.33135397081958584,8,0.7713004484304933,770917.4135615153
SPY,SPXL,2016-01-04 05:00:00+00:00,2026-08-25 04:00:00+00:00,2676,200,7,1,8.814125745746965,0.23950810319062676,0.9817244704226438,-0.4872192094186887,0.4915818148393386,11,0.7380418535127056,981412.5745746965
SPY,SPXL,2016-01-04 05:00:00+00:00,2026-08-25 04:00:00+00:00,2676,200,7,2,10.305534412182022,0.25610409107652643,1.0290714667452043,-0.4440270102433307,0.5767759284197129,11,0.7451420029895366,1130553.4412182022
SPY,SPXL,2016-01-04 05:00:00+00:00,2026-08-25 04:00:00+00:00,2676,200,7,3,8.855241986878418,0.2399953932568144,0.949858750182398,-0.5030365608245799,0.4770933406180513,9,0.757473841554559,985524.1986878418
SPY,SPXL,2016-01-04 05:00:00+00:00,2026-08-25 04:00:00+00:00,2676,200,7,5,6.0248951969347555,0.20114993291456873,0.8259138616151337,-0.6541535161490628,0.3074965248199208,8,0.7653213751868461,702489.5196934756
SPY,SPXL,2016-01-04 05:00:00+00:00,2026-08-25 04:00:00+00:00,2676,200,10,1,6.408921444331879,0.20717546902903483,0.8931675161428005,-0.5041906196049258,0.4109070279636967,11,0.7257100149476831,740892.1444331879
SPY,SPXL,2016-01-04 05:00:00+00:00,2026-08-25 04:00:00+00:00,2676,200,10,2,7.534822002086768,0.2233385496967537,0.9413029052479077,-0.4684087052934973,0.4768027305487702,11,0.7328101644245142,853482.2002086767
SPY,SPXL,2016-01-04 05:00:00+00:00,2026-08-25 04:00:00+00:00,2676,200,10,3,6.917118161045105,0.21472840590241726,0.8851958555230934,-0.5436363560321107,0.3949853675528169,9,0.7473841554559043,791711.8161045104
SPY,SPXL,2016-01-04 05:00:00+00:00,2026-08-25 04:00:00+00:00,2676,200,10,5,4.733886075451239,0.17843579334665538,0.7665251753433165,-0.6824077000803602,0.26147974784815997,8,0.7563527653213752,573388.6075451239
QQQ,TQQQ,2016-01-04 05:00:00+00:00,2026-08-25 04:00:00+00:00,2676,200,1,1,23.632681637985396,0.3515234633883473,1.0438559470954456,-0.5772372894083849,0.6089756670928631,21,0.773916292974589,2463268.1637985394
QQQ,TQQQ,2016-01-04 05:00:00+00:00,2026-08-25 04:00:00+00:00,2676,200,1,2,19.89822441642309,0.3307934979724463,0.994769272387422,-0.6216429350625905,0.5321278169744503,16,0.781390134529148,2089822.441642309
QQQ,TQQQ,2016-01-04 05:00:00+00:00,2026-08-25 04:00:00+00:00,2676,200,1,3,15.160262808179848,0.2990109581868745,0.9284501011305132,-0.6652372039580237,0.44948021007818145,15,0.7869955156950673,1616026.2808179848
QQQ,TQQQ,2016-01-04 05:00:00+00:00,2026-08-25 04:00:00+00:00,2676,200,1,5,15.491366145082313,0.3014902618583446,0.9272268510419095,-0.6996858236337122,0.43089376928147644,12,0.796711509715994,1649136.6145082312
QQQ,TQQQ,2016-01-04 05:00:00+00:00,2026-08-25 04:00:00+00:00,2676,200,2,1,47.92999533560494,0.44160460262990386,1.2171699495757506,-0.4980355963045707,0.8866928506850004,13,0.7660687593423019,4892999.533560494
QQQ,TQQQ,2016-01-04 05:00:00+00:00,2026-08-25 04:00:00+00:00,2676,200,2,2,41.3513157583478,0.4221670576783463,1.1607087967076364,-0.6207681365576103,0.6800720475432571,9,0.772795216741405,4235131.57583478
QQQ,TQQQ,2016-01-04 05:00:00+00:00,2026-08-25 04:00:00+00:00,2676,200,2,3,34.57130908338145,0.39903101019507936,1.1084586943364498,-0.6573549075391181,0.6070252243021913,8,0.7761584454409567,3557130.908338145
QQQ,TQQQ,2016-01-04 05:00:00+00:00,2026-08-25 04:00:00+00:00,2676,200,2,5,27.404362101958565,0.36974788935566627,1.0501056007723555,-0.6926146514935987,0.5338435861244318,8,0.7832585949177877,2840436.2101958566
QQQ,TQQQ,2016-01-04 05:00:00+00:00,2026-08-25 04:00:00+00:00,2676,200,3,1,43.13789215774984,0.4277024075760161,1.1961323805173225,-0.48122332859175,0.8887815327399914,10,0.7612107623318386,4413789.215774984
QQQ,TQQQ,2016-01-04 05:00:00+00:00,2026-08-25 04:00:00+00:00,2676,200,3,2,36.66045966856468,0.4065578081824395,1.1387924148913051,-0.6207681365576103,0.6549269916412808,7,0.7675635276532138,3766045.9668564675
QQQ,TQQQ,2016-01-04 05:00:00+00:00,2026-08-25 04:00:00+00:00,2676,200,3,3,31.64970596292651,0.3878036717279949,1.0936745333853342,-0.6724641904512731,0.5766904427546543,6,0.7705530642750373,3264970.5962926513
QQQ,TQQQ,2016-01-04 05:00:00+00:00,2026-08-25 04:00:00+00:00,2676,200,3,5,26.44336805865046,0.3653227657000402,1.0483129954571453,-0.7061691202305613,0.517330417366259,6,0.7742899850523169,2744336.805865046
QQQ,TQQQ,2016-01-04 05:00:00+00:00,2026-08-25 04:00:00+00:00,2676,200,5,1,32.56305638926903,0.39140816222957553,1.1337442066891108,-0.48214638162113577,0.8118035873535578,10,0.7537369207772795,3356305.638926903
QQQ,TQQQ,2016-01-04 05:00:00+00:00,2026-08-25 04:00:00+00:00,2676,200,5,2,30.86116495982116,0.38461748502085213,1.101458980967802,-0.6207681365576102,0.6195831621669547,7,0.7623318385650224,3186116.495982116
QQQ,TQQQ,2016-01-04 05:00:00+00:00,2026-08-25 04:00:00+00:00,2676,200,5,3,27.155997658778038,0.36861738925553555,1.0614274290814063,-0.6917690243781024,0.5328619470739112,6,0.7660687593423019,2815599.765877804
QQQ,TQQQ,2016-01-04 05:00:00+00:00,2026-08-25 04:00:00+00:00,2676,200,5,5,22.666228654118232,0.34644728008024517,1.0165258757843245,-0.72348739863297,0.4788573798726247,6,0.7698056801195815,2366622.865411823
QQQ,TQQQ,2016-01-04 05:00:00+00:00,2026-08-25 04:00:00+00:00,2676,200,7,1,28.203182784238415,0.37332418938950274,1.1018707608933054,-0.49308366345167454,0.7571213914818554,10,0.7462630792227205,2920318.2784238416
QQQ,TQQQ,2016-01-04 05:00:00+00:00,2026-08-25 04:00:00+00:00,2676,200,7,2,25.643044644261604,0.36152900880500916,1.061156365051262,-0.6207681365576103,0.5823897644132021,7,0.7571001494768311,2664304.4644261603
QQQ,TQQQ,2016-01-04 05:00:00+00:00,2026-08-25 04:00:00+00:00,2676,200,7,3,22.96979558162581,0.3480616520325952,1.0260957524222483,-0.6982789896069487,0.4984564296120583,6,0.7615844544095666,2396979.558162581
QQQ,TQQQ,2016-01-04 05:00:00+00:00,2026-08-25 04:00:00+00:00,2676,200,7,5,19.1475603848963,0.32622452338348307,0.981720697450026,-0.7293274587262337,0.44729499689101565,6,0.7653213751868461,2014756.03848963
QQQ,TQQQ,2016-01-04 05:00:00+00:00,2026-08-25 04:00:00+00:00,2676,200,10,1,31.387372986248565,0.38675149967802147,1.13517418005744,-0.48122332859174966,0.8036840209093973,9,0.7354260089686099,3238737.2986248564
QQQ,TQQQ,2016-01-04 05:00:00+00:00,2026-08-25 04:00:00+00:00,2676,200,10,2,28.393546123399307,0.3741633525097179,1.0880299893607368,-0.6207681365576102,0.6027425224893027,7,0.7492526158445441,2939354.6123399306
QQQ,TQQQ,2016-01-04 05:00:00+00:00,2026-08-25 04:00:00+00:00,2676,200,10,3,24.837404614638466,0.35760430386598463,1.0458884881484838,-0.6636644836194296,0.5388329686044319,6,0.7548579970104634,2583740.4614638467
QQQ,TQQQ,2016-01-04 05:00:00+00:00,2026-08-25 04:00:00+00:00,2676,200,10,5,20.717359578212903,0.3356125946638058,1.0007303661110964,-0.6982749433963515,0.4806310148140414,6,0.7585949177877429,2171735.9578212905
XLK,TECL,2016-01-04 05:00:00+00:00,2026-08-25 04:00:00+00:00,2676,200,1,1,29.416536700621325,0.37859031418494493,1.0642404887253796,-0.6372069447234987,0.5941402825564394,16,0.7309417040358744,3041653.6700621326
XLK,TECL,2016-01-04 05:00:00+00:00,2026-08-25 04:00:00+00:00,2676,200,1,2,38.93747072606836,0.41434221440890195,1.1116584510135479,-0.6528141361256544,0.6347016577612052,11,0.7365470852017937,3993747.0726068364
XLK,TECL,2016-01-04 05:00:00+00:00,2026-08-25 04:00:00+00:00,2676,200,1,3,22.551772801511685,0.34583372884339036,0.9882832611848315,-0.7188512004922101,0.4810922324489295,11,0.7402840059790733,2355177.2801511684
XLK,TECL,2016-01-04 05:00:00+00:00,2026-08-25 04:00:00+00:00,2676,200,1,5,20.04988144573025,0.3316984792073925,0.9621899683690506,-0.7556264409620649,0.43897150923553363,9,0.7470104633781763,2104988.144573025
XLK,TECL,2016-01-04 05:00:00+00:00,2026-08-25 04:00:00+00:00,2676,200,2,1,49.18726989036142,0.4450472894750297,1.180491741085394,-0.5206151832460733,0.8548488476654248,13,0.7249626307922272,5018726.989036142
XLK,TECL,2016-01-04 05:00:00+00:00,2026-08-25 04:00:00+00:00,2676,200,2,2,44.55828922206613,0.4319602128656941,1.1402893854357627,-0.6528141361256545,0.6616894288308576,10,0.7320627802690582,4555828.922206613
XLK,TECL,2016-01-04 05:00:00+00:00,2026-08-25 04:00:00+00:00,2676,200,2,3,24.375153917074613,0.3553020839754206,1.0040139670300061,-0.70452808991745,0.5043121616585247,10,0.7354260089686099,2537515.3917074613
XLK,TECL,2016-01-04 05:00:00+00:00,2026-08-25 04:00:00+00:00,2676,200,2,5,21.39816436331161,0.3394941488307428,0.9754422652609738,-0.7431768430488751,0.45681475681881,9,0.742152466367713,2239816.4363311613
XLK,TECL,2016-01-04 05:00:00+00:00,2026-08-25 04:00:00+00:00,2676,200,3,1,31.137444263618164,0.38574187197853504,1.085682459300788,-0.5334094933266591,0.7231627423291984,12,0.7201046337817638,3213744.4263618165
XLK,TECL,2016-01-04 05:00:00+00:00,2026-08-25 04:00:00+00:00,2676,200,3,2,40.23547457870917,0.4186015172535309,1.1226897651552377,-0.6528141361256545,0.6412261838229525,9,0.727204783258595,4123547.4578709174
XLK,TECL,2016-01-04 05:00:00+00:00,2026-08-25 04:00:00+00:00,2676,200,3,3,22.075790290542546,0.34325285237927905,0.9867875338842175,-0.7294286572080787,0.47057768979504444,9,0.7301943198804185,2307579.0290542548
XLK,TECL,2016-01-04 05:00:00+00:00,2026-08-25 04:00:00+00:00,2676,200,3,5,19.31463200972126,0.3272546025624068,0.9574124244352483,-0.7648203295639435,0.4278842885217088,8,0.7365470852017937,2031463.200972126
XLK,TECL,2016-01-04 05:00:00+00:00,2026-08-25 04:00:00+00:00,2676,200,5,1,27.316962960623925,0.36935109264191324,1.0616242204183848,-0.5799756835933234,0.6368389280625439,11,0.7115097159940209,2831696.2960623926
XLK,TECL,2016-01-04 05:00:00+00:00,2026-08-25 04:00:00+00:00,2676,200,5,2,33.39762036064563,0.3946248509487422,1.0862098918754963,-0.6528141361256545,0.6044980172929103,8,0.7204783258594918,3439762.0360645633
XLK,TECL,2016-01-04 05:00:00+00:00,2026-08-25 04:00:00+00:00,2676,200,5,3,19.427395813840985,0.32794551758736623,0.9631519703771808,-0.7344244353246208,0.4465340500856457,8,0.7230941704035875,2042739.5813840986
XLK,TECL,2016-01-04 05:00:00+00:00,2026-08-25 04:00:00+00:00,2676,200,5,5,18.177339925332483,0.3200850656609151,0.9469423928322953,-0.7691626425335901,0.41614744133512266,7,0.7294469357249627,1917733.9925332484
XLK,TECL,2016-01-04 05:00:00+00:00,2026-08-25 04:00:00+00:00,2676,200,7,1,25.66040540599769,0.3616123928323165,1.0503833453509233,-0.6026542891743392,0.6000328867280447,11,0.703288490284006,2666040.540599769
XLK,TECL,2016-01-04 05:00:00+00:00,2026-08-25 04:00:00+00:00,2676,200,7,2,29.330244682415287,0.37822213937842775,1.0604453575069757,-0.6528141361256543,0.5793718586167796,8,0.7144992526158446,3033024.4682415286
XLK,TECL,2016-01-04 05:00:00+00:00,2026-08-25 04:00:00+00:00,2676,200,7,3,17.011941139021104,0.3123270469346602,0.9378361880134419,-0.7338347042409596,0.4256095345854691,8,0.7171150971599403,1801194.1139021104
XLK,TECL,2016-01-04 05:00:00+00:00,2026-08-25 04:00:00+00:00,2676,200,7,5,16.6478033095469,0.30980961892531234,0.9306028679172754,-0.768650050326041,0.4030567861068887,7,0.7242152466367713,1764780.3309546902
XLK,TECL,2016-01-04 05:00:00+00:00,2026-08-25 04:00:00+00:00,2676,200,10,1,24.013607048929607,0.3534747802293079,1.0430895512133251,-0.621636929681719,0.5686193392826399,9,0.6917040358744395,2501360.704892961
XLK,TECL,2016-01-04 05:00:00+00:00,2026-08-25 04:00:00+00:00,2676,200,10,2,24.47797914575923,0.35581746737530207,1.0292160545439897,-0.6528141361256544,0.5450517194480818,8,0.7021674140508222,2547797.9145759232
XLK,TECL,2016-01-04 05:00:00+00:00,2026-08-25 04:00:00+00:00,2676,200,10,3,14.13037120273169,0.29099357955859406,0.905327919171616,-0.6963173844797348,0.41790365434580495,8,0.7047832585949177,1513037.120273169
XLK,TECL,2016-01-04 05:00:00+00:00,2026-08-25 04:00:00+00:00,2676,200,10,5,14.965552094054825,0.297531387975458,0.913689257739327,-0.73604012642928,0.4042325646277728,7,0.7130044843049327,1596555.2094054825
SOXX,SOXL,2016-01-04 05:00:00+00:00,2026-08-25 04:00:00+00:00,2676,200,1,1,26.243266573041286,0.3643837211656804,0.9577553129117224,-0.8372848717688409,0.43519682900263856,30,0.7462630792227205,2724326.6573041286
SOXX,SOXL,2016-01-04 05:00:00+00:00,2026-08-25 04:00:00+00:00,2676,200,1,2,39.38460374456003,0.41582342676846373,1.013607315538178,-0.8507625275117809,0.4887655642105201,23,0.7571001494768311,4038460.3744560033
SOXX,SOXL,2016-01-04 05:00:00+00:00,2026-08-25 04:00:00+00:00,2676,200,1,3,23.28508544662947,0.34971887408549396,0.9436260525001408,-0.8800668616249976,0.3973776190592568,18,0.7653213751868461,2428508.544662947
SOXX,SOXL,2016-01-04 05:00:00+00:00,2026-08-25 04:00:00+00:00,2676,200,1,5,14.160809241754418,0.2912375262465614,0.8815824229165371,-0.8771501399468749,0.3320269962724972,14,0.7776532137518685,1516080.9241754417
SOXX,SOXL,2016-01-04 05:00:00+00:00,2026-08-25 04:00:00+00:00,2676,200,2,1,46.94250638469331,0.4388439868272953,1.0386000372421944,-0.8343635189193164,0.5259625773136564,22,0.7350523168908819,4794250.638469331
SOXX,SOXL,2016-01-04 05:00:00+00:00,2026-08-25 04:00:00+00:00,2676,200,2,2,46.64581564252106,0.4380044945028474,1.037382377870691,-0.817507224756469,0.5357805793500193,18,0.7458893871449925,4764581.564252106
SOXX,SOXL,2016-01-04 05:00:00+00:00,2026-08-25 04:00:00+00:00,2676,200,2,3,32.626036076700125,0.39165342061775665,0.9886820334099863,-0.8254058509580093,0.47449799412396115,15,0.7533632286995515,3362603.6076700124
SOXX,SOXL,2016-01-04 05:00:00+00:00,2026-08-25 04:00:00+00:00,2676,200,2,5,17.78682334926285,0.31753417333780454,0.9098806135322327,-0.8584109841057572,0.3699092616674671,11,0.7660687593423019,1878682.334926285
SOXX,SOXL,2016-01-04 05:00:00+00:00,2026-08-25 04:00:00+00:00,2676,200,3,1,42.37061662665519,0.42535049527987856,1.0244099421498316,-0.8145640008438203,0.5221817989000876,20,0.726831091180867,4337061.662665519
SOXX,SOXL,2016-01-04 05:00:00+00:00,2026-08-25 04:00:00+00:00,2676,200,3,2,50.484774206988554,0.44851915813340226,1.0487697221003136,-0.77029257860403,0.5822711662966238,16,0.7384155455904334,5148477.420698855
SOXX,SOXL,2016-01-04 05:00:00+00:00,2026-08-25 04:00:00+00:00,2676,200,3,3,35.82634755968539,0.4035991632975773,1.0014319382825696,-0.7860708805097927,0.5134386393194339,13,0.7462630792227205,3682634.755968539
SOXX,SOXL,2016-01-04 05:00:00+00:00,2026-08-25 04:00:00+00:00,2676,200,3,5,22.421130872918624,0.34513010046440074,0.9394664278132284,-0.8355754446575698,0.41304480962319295,10,0.7604633781763827,2342113.0872918623
SOXX,SOXL,2016-01-04 05:00:00+00:00,2026-08-25 04:00:00+00:00,2676,200,5,1,44.71064219367451,0.43240974078945893,1.0327493856307284,-0.8089888065877272,0.53450645703411,17,0.7122571001494769,4571064.219367451
SOXX,SOXL,2016-01-04 05:00:00+00:00,2026-08-25 04:00:00+00:00,2676,200,5,2,59.71364689886406,0.47114830330463353,1.0728396504265187,-0.7239935601184601,0.6507631134557939,13,0.7257100149476831,6071364.689886406
SOXX,SOXL,2016-01-04 05:00:00+00:00,2026-08-25 04:00:00+00:00,2676,200,5,3,49.00070214588126,0.4445413987667042,1.044309589658716,-0.7520767433908546,0.5910851554356279,11,0.7350523168908819,5000070.214588126
SOXX,SOXL,2016-01-04 05:00:00+00:00,2026-08-25 04:00:00+00:00,2676,200,5,5,34.022498459051626,0.39698737299368014,0.9940218605860911,-0.8094477679142134,0.49044223571909773,9,0.7514947683109118,3502249.845905163
SOXX,SOXL,2016-01-04 05:00:00+00:00,2026-08-25 04:00:00+00:00,2676,200,7,1,46.78403331802102,0.4383961716487914,1.040705171792733,-0.7979554123974409,0.5493993333933771,13,0.7010463378176383,4778403.331802102
SOXX,SOXL,2016-01-04 05:00:00+00:00,2026-08-25 04:00:00+00:00,2676,200,7,2,45.57525173515379,0.43493541000182767,1.0364561282974745,-0.7551668016061857,0.5759461473634053,11,0.7115097159940209,4657525.173515379
SOXX,SOXL,2016-01-04 05:00:00+00:00,2026-08-25 04:00:00+00:00,2676,200,7,3,40.08877536297069,0.4181262725014112,1.017677385842125,-0.7494203276280796,0.5579329210681857,9,0.7215994020926756,4108877.5362970694
SOXX,SOXL,2016-01-04 05:00:00+00:00,2026-08-25 04:00:00+00:00,2676,200,7,5,35.1918603451274,0.40130766161551934,0.9990135136789954,-0.8074060637196664,0.4970332520995959,7,0.7380418535127056,3619186.0345127406
SOXX,SOXL,2016-01-04 05:00:00+00:00,2026-08-25 04:00:00+00:00,2676,200,10,1,49.92925489825291,0.447042513643912,1.0519089352559143,-0.7933101063041494,0.5635154652530282,11,0.6872197309417041,5092925.489825291
SOXX,SOXL,2016-01-04 05:00:00+00:00,2026-08-25 04:00:00+00:00,2676,200,10,2,39.9360016821107,0.41762971214924205,1.0187671507146603,-0.7495377216004595,0.5571830477824293,10,0.695814648729447,4093600.16821107
SOXX,SOXL,2016-01-04 05:00:00+00:00,2026-08-25 04:00:00+00:00,2676,200,10,3,30.70555838402292,0.38398031101426233,0.9809943866713782,-0.7273165368446726,0.5279411254418735,9,0.7085201793721974,3170555.8384022918
SOXX,SOXL,2016-01-04 05:00:00+00:00,2026-08-25 04:00:00+00:00,2676,200,10,5,27.071409673505503,0.36823030030232906,0.9633950381806462,-0.7884138307984789,0.46705205555488266,7,0.727204783258595,2807140.9673505505
